date,segment,revenue
2009-12-01,EU,5981.27
2009-12-01,RoW,196.10000000000002
2009-12-01,UK,46261.24
2009-12-02,EU,7243.32
2009-12-02,UK,54629.78
2009-12-03,EU,1101.55
2009-12-03,UK,71958.23
2009-12-04,EU,1334.79
2009-12-04,RoW,989.18
2009-12-04,UK,37025.24
2009-12-05,EU,760.69
2009-12-05,UK,9042.36
2009-12-06,EU,1271.69
2009-12-06,UK,23013.33
2009-12-07,EU,4150.13
2009-12-07,RoW,365.31
2009-12-07,UK,38442.03
2009-12-08,EU,3029.83
2009-12-08,UK,45664.88
2009-12-09,EU,1779.78
2009-12-09,UK,37090.53
2009-12-10,EU,336.07
2009-12-10,RoW,517.7
2009-12-10,UK,41306.6
2009-12-11,UK,39447.89
2009-12-13,EU,2340.84
2009-12-13,UK,19561.62
2009-12-14,EU,4634.17
2009-12-14,UK,65171.29
2009-12-15,EU,2419.2
2009-12-15,UK,47220.96
2009-12-16,EU,1747.07
2009-12-16,UK,48321.85
2009-12-17,EU,1952.64
2009-12-17,RoW,469.4
2009-12-17,UK,27286.36
2009-12-18,EU,13581.59
2009-12-18,RoW,75.0
2009-12-18,UK,27425.84
2009-12-20,EU,1179.66
2009-12-20,UK,10076.03
2009-12-21,EU,7944.860000000001
2009-12-21,UK,8126.18
2009-12-22,EU,488.51
2009-12-22,UK,24491.27
2009-12-23,EU,5149.06
2009-12-23,UK,5515.61
2010-01-04,UK,13400.800000000001
2010-01-05,UK,19114.34
2010-01-06,UK,8733.0
2010-01-07,EU,48783.52
2010-01-07,UK,24237.37
2010-01-08,EU,4008.83
2010-01-08,UK,24247.08
2010-01-10,EU,648.24
2010-01-10,UK,22837.61
2010-01-11,EU,3081.91
2010-01-11,RoW,558.4200000000001
2010-01-11,UK,30482.11
2010-01-12,EU,2046.56
2010-01-12,UK,38118.86
2010-01-13,EU,1931.76
2010-01-13,UK,18025.95
2010-01-14,EU,1531.2
2010-01-14,UK,28959.45
2010-01-15,EU,2103.1
2010-01-15,RoW,2.95
2010-01-15,UK,11233.85
2010-01-17,UK,17393.2
2010-01-18,RoW,838.75
2010-01-18,UK,19414.13
2010-01-19,EU,2140.02
2010-01-19,RoW,1342.17
2010-01-19,UK,28092.97
2010-01-20,EU,1573.72
2010-01-20,UK,15243.23
2010-01-21,EU,13086.53
2010-01-21,UK,14272.7
2010-01-22,EU,15009.14
2010-01-22,UK,19045.2
2010-01-24,EU,503.53000000000003
2010-01-24,UK,15373.31
2010-01-25,EU,2009.45
2010-01-25,UK,20317.84
2010-01-26,EU,21917.83
2010-01-26,UK,15825.710000000001
2010-01-27,EU,563.65
2010-01-27,RoW,1419.1
2010-01-27,UK,25956.11
2010-01-28,EU,1034.67
2010-01-28,UK,18762.2
2010-01-29,EU,12.5
2010-01-29,UK,18880.58
2010-01-31,EU,3054.08
2010-01-31,UK,15196.27
2010-02-01,EU,2261.76
2010-02-01,RoW,159.66
2010-02-01,UK,15695.289999999999
2010-02-02,EU,2631.27
2010-02-02,RoW,439.85
2010-02-02,UK,17783.4
2010-02-03,EU,916.11
2010-02-03,RoW,931.43
2010-02-03,UK,18826.92
2010-02-04,EU,669.33
2010-02-04,UK,21608.38
2010-02-05,EU,299.03000000000003
2010-02-05,UK,20974.51
2010-02-07,EU,8714.18
2010-02-07,UK,8153.650000000001
2010-02-08,EU,1611.78
2010-02-08,RoW,1007.8
2010-02-08,UK,13267.14
2010-02-09,EU,5210.18
2010-02-09,UK,13415.31
2010-02-10,EU,304.88
2010-02-10,UK,8530.63
2010-02-11,EU,1437.05
2010-02-11,RoW,397.68
2010-02-11,UK,13021.54
2010-02-12,EU,1178.52
2010-02-12,UK,9823.75
2010-02-14,EU,881.86
2010-02-14,RoW,662.25
2010-02-14,UK,16141.47
2010-02-15,EU,20013.96
2010-02-15,UK,20874.920000000002
2010-02-16,EU,2131.77
2010-02-16,UK,28235.46
2010-02-17,EU,5740.339999999999
2010-02-17,UK,20657.38
2010-02-18,EU,15166.67
2010-02-18,UK,20582.47
2010-02-19,UK,25817.06
2010-02-21,EU,986.8
2010-02-21,RoW,202.56
2010-02-21,UK,10203.32
2010-02-22,EU,1037.62
2010-02-22,RoW,1475.15
2010-02-22,UK,23840.81
2010-02-23,EU,1494.39
2010-02-23,RoW,34.06
2010-02-23,UK,20749.82
2010-02-24,EU,11283.74
2010-02-24,UK,21445.6
2010-02-25,EU,959.66
2010-02-25,UK,45220.35
2010-02-26,EU,904.09
2010-02-26,UK,15283.09
2010-02-28,EU,757.25
2010-02-28,UK,15871.74
2010-03-01,EU,1249.05
2010-03-01,UK,24148.29
2010-03-02,EU,4487.95
2010-03-02,UK,21002.51
2010-03-03,EU,10371.32
2010-03-03,UK,23066.85
2010-03-04,EU,1191.51
2010-03-04,RoW,882.27
2010-03-04,UK,29301.85
2010-03-05,EU,3596.06
2010-03-05,UK,23180.53
2010-03-07,EU,2287.84
2010-03-07,UK,17055.06
2010-03-08,EU,2332.41
2010-03-08,UK,33493.02
2010-03-09,EU,1729.89
2010-03-09,UK,19843.44
2010-03-10,EU,1354.85
2010-03-10,UK,25195.53
2010-03-11,EU,3425.2599999999998
2010-03-11,UK,20565.35
2010-03-12,EU,9439.31
2010-03-12,UK,11840.08
2010-03-14,EU,1968.98
2010-03-14,UK,6955.02
2010-03-15,EU,2851.27
2010-03-15,RoW,110.4
2010-03-15,UK,23591.28
2010-03-16,EU,1219.41
2010-03-16,UK,22298.05
2010-03-17,EU,10065.38
2010-03-17,UK,20423.68
2010-03-18,EU,3458.9
2010-03-18,RoW,1253.1399999999999
2010-03-18,UK,35328.54
2010-03-19,EU,1329.51
2010-03-19,RoW,773.74
2010-03-19,UK,21301.25
2010-03-21,EU,1268.7
2010-03-21,UK,19160.38
2010-03-22,EU,1660.4
2010-03-22,UK,23138.87
2010-03-23,EU,1362.96
2010-03-23,RoW,153.8
2010-03-23,UK,30767.6
2010-03-24,EU,3927.62
2010-03-24,RoW,1201.52
2010-03-24,UK,23054.68
2010-03-25,EU,3915.36
2010-03-25,UK,28009.88
2010-03-26,EU,11896.05
2010-03-26,UK,20218.09
2010-03-28,UK,22348.05
2010-03-29,EU,45.34
2010-03-29,UK,58937.67
2010-03-30,EU,1430.37
2010-03-30,RoW,1065.12
2010-03-30,UK,35252.409999999996
2010-03-31,UK,28964.88
2010-04-01,EU,5878.13
2010-04-01,UK,24206.17
2010-04-06,RoW,252.51999999999998
2010-04-06,UK,19114.0
2010-04-07,EU,9442.43
2010-04-07,UK,25031.38
2010-04-08,EU,484.32
2010-04-08,RoW,396.2
2010-04-08,UK,46534.92
2010-04-09,EU,3182.13
2010-04-09,UK,13093.03
2010-04-11,EU,3409.15
2010-04-11,RoW,608.8
2010-04-11,UK,15571.1
2010-04-12,EU,3806.66
2010-04-12,RoW,926.82
2010-04-12,UK,22016.670000000002
2010-04-13,EU,10055.34
2010-04-13,UK,15755.29
2010-04-14,EU,2995.83
2010-04-14,UK,23850.2
2010-04-15,EU,572.21
2010-04-15,UK,18657.5
2010-04-16,EU,5542.37
2010-04-16,UK,13805.88
2010-04-18,EU,6228.32
2010-04-18,UK,17626.14
2010-04-19,EU,3205.84
2010-04-19,UK,40226.36
2010-04-20,EU,1677.3
2010-04-20,UK,22623.89
2010-04-21,EU,7452.63
2010-04-21,RoW,2236.61
2010-04-21,UK,17530.36
2010-04-22,EU,4620.1900000000005
2010-04-22,UK,32493.72
2010-04-23,EU,382.15000000000003
2010-04-23,UK,15851.14
2010-04-25,EU,1576.05
2010-04-25,UK,14913.03
2010-04-26,EU,3870.75
2010-04-26,UK,30901.56
2010-04-27,RoW,1487.7
2010-04-27,UK,44385.57
2010-04-28,EU,3114.88
2010-04-28,UK,28896.99
2010-04-29,EU,2807.69
2010-04-29,RoW,1210.96
2010-04-29,UK,28295.37
2010-04-30,EU,3430.85
2010-04-30,UK,24216.46
2010-05-02,EU,1412.92
2010-05-02,UK,10878.25
2010-05-04,EU,3704.6
2010-05-04,UK,17850.47
2010-05-05,EU,360.29999999999995
2010-05-05,RoW,1194.48
2010-05-05,UK,25701.83
2010-05-06,EU,31809.39
2010-05-06,RoW,461.62
2010-05-06,UK,20679.12
2010-05-07,EU,740.01
2010-05-07,UK,34725.17
2010-05-09,EU,4918.37
2010-05-09,UK,17899.45
2010-05-10,EU,3173.39
2010-05-10,RoW,97.75
2010-05-10,UK,28347.76
2010-05-11,EU,2952.4900000000002
2010-05-11,RoW,324.51
2010-05-11,UK,24991.76
2010-05-12,EU,4844.39
2010-05-12,RoW,535.37
2010-05-12,UK,25615.96
2010-05-13,EU,3343.15
2010-05-13,RoW,91.8
2010-05-13,UK,36923.19
2010-05-14,UK,18727.68
2010-05-16,EU,2698.6
2010-05-16,UK,15658.09
2010-05-17,EU,1543.15
2010-05-17,UK,23542.06
2010-05-18,EU,223.4
2010-05-18,RoW,595.17
2010-05-18,UK,27605.36
2010-05-19,RoW,782.8
2010-05-19,UK,16763.3
2010-05-20,EU,808.15
2010-05-20,RoW,404.44
2010-05-20,UK,24322.5
2010-05-21,EU,5102.41
2010-05-21,RoW,1279.37
2010-05-21,UK,20170.16
2010-05-23,EU,724.8000000000001
2010-05-23,RoW,6802.48
2010-05-23,UK,17389.85
2010-05-24,EU,2085.41
2010-05-24,RoW,59.92
2010-05-24,UK,33297.61
2010-05-25,EU,1216.29
2010-05-25,RoW,1078.81
2010-05-25,UK,19549.62
2010-05-26,EU,2569.27
2010-05-26,RoW,3730.13
2010-05-26,UK,28458.11
2010-05-27,EU,269.2
2010-05-27,UK,30312.43
2010-05-28,EU,543.46
2010-05-28,UK,20960.64
2010-05-30,UK,10733.47
2010-06-01,EU,412.90000000000003
2010-06-01,UK,15133.460000000001
2010-06-02,EU,319.2
2010-06-02,UK,15682.49
2010-06-03,EU,7802.31
2010-06-03,UK,21562.08
2010-06-04,EU,842.23
2010-06-04,UK,19455.1
2010-06-06,EU,1601.19
2010-06-06,UK,23799.46
2010-06-07,EU,2154.58
2010-06-07,UK,46700.2
2010-06-08,EU,1488.35
2010-06-08,RoW,211.2
2010-06-08,UK,49578.44
2010-06-09,EU,1827.51
2010-06-09,RoW,806.54
2010-06-09,UK,35461.57
2010-06-10,EU,847.73
2010-06-10,UK,17097.61
2010-06-11,EU,6042.53
2010-06-11,UK,26677.54
2010-06-13,EU,957.02
2010-06-13,UK,20437.47
2010-06-14,EU,5094.41
2010-06-14,UK,18735.34
2010-06-15,EU,10546.22
2010-06-15,UK,19503.71
2010-06-16,EU,1438.26
2010-06-16,UK,29496.1
2010-06-17,EU,2755.43
2010-06-17,UK,21051.02
2010-06-18,EU,5096.59
2010-06-18,UK,13297.24
2010-06-20,EU,1669.1399999999999
2010-06-20,UK,7337.44
2010-06-21,RoW,1956.84
2010-06-21,UK,19004.9
2010-06-22,EU,1680.45
2010-06-22,UK,12623.4
2010-06-23,EU,2680.06
2010-06-23,RoW,816.8299999999999
2010-06-23,UK,24082.48
2010-06-24,EU,3264.68
2010-06-24,RoW,2766.72
2010-06-24,UK,17731.6
2010-06-25,EU,837.3100000000001
2010-06-25,RoW,463.28
2010-06-25,UK,15681.73
2010-06-27,UK,18706.92
2010-06-28,EU,17075.89
2010-06-28,RoW,2370.62
2010-06-28,UK,33860.61
2010-06-29,EU,4291.03
2010-06-29,UK,29797.81
2010-06-30,EU,3461.33
2010-06-30,RoW,2326.7400000000002
2010-06-30,UK,28250.43
2010-07-01,EU,2619.2400000000002
2010-07-01,RoW,1950.98
2010-07-01,UK,25197.53
2010-07-02,EU,4501.0199999999995
2010-07-02,RoW,329.61
2010-07-02,UK,11725.94
2010-07-04,UK,10376.29
2010-07-05,EU,1589.8700000000001
2010-07-05,RoW,1132.0
2010-07-05,UK,29757.11
2010-07-06,EU,2689.31
2010-07-06,RoW,294.88
2010-07-06,UK,20144.08
2010-07-07,EU,4883.11
2010-07-07,UK,26090.81
2010-07-08,EU,2080.21
2010-07-08,UK,17244.16
2010-07-09,EU,20065.67
2010-07-09,UK,16859.39
2010-07-11,UK,7784.95
2010-07-12,EU,1549.97
2010-07-12,UK,17745.01
2010-07-13,EU,1988.8700000000001
2010-07-13,RoW,1189.94
2010-07-13,UK,17334.54
2010-07-14,EU,3655.55
2010-07-14,RoW,1189.94
2010-07-14,UK,18440.54
2010-07-15,EU,1988.8600000000001
2010-07-15,UK,54216.34
2010-07-16,EU,4533.66
2010-07-16,RoW,336.24
2010-07-16,UK,17481.4
2010-07-18,EU,1903.22
2010-07-18,UK,13040.67
2010-07-19,EU,6149.15
2010-07-19,UK,24030.21
2010-07-20,EU,1136.3
2010-07-20,RoW,617.5
2010-07-20,UK,22756.65
2010-07-21,EU,1247.16
2010-07-21,UK,20527.23
2010-07-22,EU,466.76
2010-07-22,UK,25269.22
2010-07-23,EU,1897.97
2010-07-23,RoW,617.5
2010-07-23,UK,22817.579999999998
2010-07-25,EU,467.11
2010-07-25,RoW,240.38
2010-07-25,UK,16282.72
2010-07-26,EU,2024.97
2010-07-26,UK,21685.85
2010-07-27,EU,2052.7400000000002
2010-07-27,UK,26132.13
2010-07-28,EU,2805.6800000000003
2010-07-28,UK,20428.44
2010-07-29,EU,844.8100000000001
2010-07-29,UK,32867.14
2010-07-30,EU,1143.6000000000001
2010-07-30,RoW,507.25
2010-07-30,UK,14152.46
2010-08-01,UK,30432.7
2010-08-02,EU,533.81
2010-08-02,UK,26306.09
2010-08-03,EU,2146.16
2010-08-03,UK,23025.93
2010-08-04,EU,1569.43
2010-08-04,UK,18752.14
2010-08-05,EU,1358.96
2010-08-05,UK,22890.47
2010-08-06,EU,918.55
2010-08-06,UK,14172.76
2010-08-08,EU,751.6
2010-08-08,UK,13210.91
2010-08-09,EU,13485.02
2010-08-09,RoW,345.61
2010-08-09,UK,17632.64
2010-08-10,EU,17195.4
2010-08-10,RoW,949.62
2010-08-10,UK,16577.59
2010-08-11,EU,633.97
2010-08-11,UK,19748.08
2010-08-12,EU,923.49
2010-08-12,UK,27514.96
2010-08-13,EU,1007.3000000000001
2010-08-13,UK,35705.83
2010-08-15,EU,2323.67
2010-08-15,UK,19539.510000000002
2010-08-16,EU,2332.11
2010-08-16,UK,17874.35
2010-08-17,EU,6371.63
2010-08-17,RoW,176.0
2010-08-17,UK,23618.73
2010-08-18,EU,13478.37
2010-08-18,UK,23321.79
2010-08-19,EU,3915.21
2010-08-19,RoW,2047.28
2010-08-19,UK,26278.45
2010-08-20,EU,2653.53
2010-08-20,RoW,1362.79
2010-08-20,UK,20801.27
2010-08-22,EU,1773.42
2010-08-22,UK,20822.59
2010-08-23,EU,3203.54
2010-08-23,RoW,536.41
2010-08-23,UK,18004.63
2010-08-24,EU,1367.6599999999999
2010-08-24,UK,25892.56
2010-08-25,EU,1822.23
2010-08-25,UK,29485.5
2010-08-26,EU,2156.58
2010-08-26,RoW,868.14
2010-08-26,UK,31580.6
2010-08-27,EU,1868.56
2010-08-27,UK,13177.43
2010-08-29,UK,14426.95
2010-08-31,EU,3837.3
2010-08-31,UK,29485.079999999998
2010-09-01,EU,7809.7
2010-09-01,RoW,958.89
2010-09-01,UK,14073.53
2010-09-02,EU,7943.01
2010-09-02,RoW,1610.09
2010-09-02,UK,24993.42
2010-09-03,EU,1616.1599999999999
2010-09-03,UK,35308.909999999996
2010-09-05,EU,1920.5800000000002
2010-09-05,UK,10260.23
2010-09-06,EU,5431.85
2010-09-06,RoW,3535.72
2010-09-06,UK,19070.81
2010-09-07,EU,3066.3
2010-09-07,UK,24109.7
2010-09-08,EU,2536.66
2010-09-08,UK,14729.87
2010-09-09,EU,5499.59
2010-09-09,RoW,1895.0
2010-09-09,UK,17028.43
2010-09-10,EU,938.97
2010-09-10,UK,16409.07
2010-09-12,EU,563.9
2010-09-12,RoW,1387.5
2010-09-12,UK,13569.1
2010-09-13,EU,2489.05
2010-09-13,RoW,211.7
2010-09-13,UK,34599.77
2010-09-14,EU,2802.94
2010-09-14,UK,17874.25
2010-09-15,EU,13961.82
2010-09-15,RoW,447.36
2010-09-15,UK,19966.49
2010-09-16,EU,3768.78
2010-09-16,RoW,973.69
2010-09-16,UK,22006.85
2010-09-17,EU,2532.78
2010-09-17,UK,18159.59
2010-09-19,EU,2060.2599999999998
2010-09-19,UK,20820.07
2010-09-20,EU,4192.14
2010-09-20,RoW,658.83
2010-09-20,UK,36925.74
2010-09-21,EU,4074.16
2010-09-21,RoW,2888.68
2010-09-21,UK,55221.63
2010-09-22,EU,2202.62
2010-09-22,RoW,885.0
2010-09-22,UK,26520.27
2010-09-23,EU,3013.92
2010-09-23,UK,32895.55
2010-09-24,EU,24589.65
2010-09-24,RoW,930.33
2010-09-24,UK,22649.63
2010-09-26,EU,187.85000000000002
2010-09-26,UK,21513.3
2010-09-27,EU,12357.63
2010-09-27,UK,90067.42
2010-09-28,EU,4151.64
2010-09-28,UK,41353.7
2010-09-29,EU,1984.39
2010-09-29,UK,35362.72
2010-09-30,EU,4827.04
2010-09-30,RoW,1432.3799999999999
2010-09-30,UK,39448.55
2010-10-01,EU,4981.5599999999995
2010-10-01,RoW,1616.44
2010-10-01,UK,30388.25
2010-10-03,EU,12735.62
2010-10-03,UK,25634.09
2010-10-04,EU,3497.4
2010-10-04,UK,34869.07
2010-10-05,EU,1989.18
2010-10-05,UK,52478.78
2010-10-06,EU,2638.36
2010-10-06,UK,27823.08
2010-10-07,EU,3384.39
2010-10-07,RoW,303.8
2010-10-07,UK,48571.3
2010-10-08,EU,7296.39
2010-10-08,RoW,369.48
2010-10-08,UK,51478.58
2010-10-10,EU,1919.53
2010-10-10,RoW,230.0
2010-10-10,UK,20804.98
2010-10-11,EU,7491.71
2010-10-11,RoW,433.6
2010-10-11,UK,34835.17
2010-10-12,EU,2903.0
2010-10-12,RoW,132.8
2010-10-12,UK,46137.24
2010-10-13,EU,16275.08
2010-10-13,RoW,1132.53
2010-10-13,UK,35232.06
2010-10-14,EU,11063.43
2010-10-14,RoW,1533.8899999999999
2010-10-14,UK,74317.83
2010-10-15,EU,2362.05
2010-10-15,RoW,5482.04
2010-10-15,UK,35796.04
2010-10-17,EU,1917.0
2010-10-17,UK,31169.89
2010-10-18,EU,2116.51
2010-10-18,RoW,1672.55
2010-10-18,UK,36690.57
2010-10-19,EU,8254.55
2010-10-19,UK,41105.76
2010-10-20,EU,1600.3899999999999
2010-10-20,RoW,143.94
2010-10-20,UK,43013.11
2010-10-21,EU,7250.5
2010-10-21,RoW,1610.0
2010-10-21,UK,29648.33
2010-10-22,EU,3987.92
2010-10-22,RoW,473.31
2010-10-22,UK,34893.94
2010-10-24,EU,1183.64
2010-10-24,UK,27327.0
2010-10-25,EU,2325.64
2010-10-25,UK,26635.86
2010-10-26,EU,8221.23
2010-10-26,RoW,2955.6
2010-10-26,UK,34025.93
2010-10-27,EU,7811.57
2010-10-27,RoW,317.76
2010-10-27,UK,23948.45
2010-10-28,EU,3464.78
2010-10-28,UK,26024.66
2010-10-29,EU,2526.86
2010-10-29,RoW,1826.84
2010-10-29,UK,42374.1
2010-10-31,EU,447.34999999999997
2010-10-31,RoW,611.53
2010-10-31,UK,28847.81
2010-11-01,EU,1415.79
2010-11-01,UK,25624.43
2010-11-02,EU,2910.28
2010-11-02,RoW,1253.25
2010-11-02,UK,40137.48
2010-11-03,EU,15791.699999999999
2010-11-03,RoW,1993.34
2010-11-03,UK,26902.65
2010-11-04,EU,7260.91
2010-11-04,UK,81591.09
2010-11-05,EU,9604.710000000001
2010-11-05,RoW,2531.82
2010-11-05,UK,33678.87
2010-11-07,EU,2183.57
2010-11-07,UK,29233.670000000002
2010-11-08,EU,5195.65
2010-11-08,RoW,381.77000000000004
2010-11-08,UK,77627.21
2010-11-09,EU,8333.89
2010-11-09,UK,56731.31
2010-11-10,EU,2811.46
2010-11-10,RoW,2984.06
2010-11-10,UK,73412.03
2010-11-11,EU,3500.31
2010-11-11,UK,59845.090000000004
2010-11-12,EU,5302.72
2010-11-12,RoW,143.75
2010-11-12,UK,43614.36
2010-11-14,EU,504.03
2010-11-14,RoW,1343.9
2010-11-14,UK,27074.53
2010-11-15,EU,6348.27
2010-11-15,RoW,433.2
2010-11-15,UK,96554.88
2010-11-16,EU,10255.17
2010-11-16,RoW,11229.99
2010-11-16,UK,49414.74
2010-11-17,EU,8937.26
2010-11-17,RoW,8.850000000000001
2010-11-17,UK,41585.81
2010-11-18,EU,4356.44
2010-11-18,UK,39608.03
2010-11-19,EU,8794.9
2010-11-19,RoW,267.35
2010-11-19,UK,36750.47
2010-11-21,EU,2179.88
2010-11-21,UK,29540.420000000002
2010-11-22,EU,3290.22
2010-11-22,RoW,513.05
2010-11-22,UK,37809.26
2010-11-23,EU,2721.88
2010-11-23,RoW,804.53
2010-11-23,UK,53583.56
2010-11-24,EU,1689.06
2010-11-24,UK,58601.46
2010-11-25,EU,1668.4
2010-11-25,UK,69717.54
2010-11-26,EU,6904.26
2010-11-26,RoW,582.23
2010-11-26,UK,31533.33
2010-11-28,EU,2473.11
2010-11-28,UK,24215.55
2010-11-29,EU,8231.46
2010-11-29,RoW,18005.68
2010-11-29,UK,50821.43
2010-11-30,EU,8798.65
2010-11-30,UK,50601.89
2010-12-01,EU,1728.32
2010-12-01,RoW,2277.39
2010-12-01,UK,53436.62
2010-12-02,EU,159.85
2010-12-02,UK,47436.57
2010-12-03,EU,5067.62
2010-12-03,RoW,223.4
2010-12-03,UK,39497.88
2010-12-05,EU,5187.67
2010-12-05,RoW,320.08
2010-12-05,UK,25400.920000000002
2010-12-06,EU,1362.34
2010-12-06,UK,50304.78
2010-12-07,EU,1829.78
2010-12-07,RoW,711.79
2010-12-07,UK,78913.42
2010-12-08,EU,1596.54
2010-12-08,RoW,2126.88
2010-12-08,UK,40430.56
2010-12-09,EU,4956.62
2010-12-09,RoW,4107.929999999999
2010-12-09,UK,40927.97
2010-12-10,EU,4286.91
2010-12-10,UK,52401.22
2010-12-12,RoW,3590.59
2010-12-12,UK,13535.06
2010-12-13,EU,753.46
2010-12-13,UK,35821.21
2010-12-14,EU,2775.0699999999997
2010-12-14,UK,41552.04
2010-12-15,EU,195.89
2010-12-15,UK,30171.67
2010-12-16,EU,1364.81
2010-12-16,UK,47503.33
2010-12-17,EU,9645.38
2010-12-17,RoW,348.2
2010-12-17,UK,31197.079999999998
2010-12-19,EU,758.97
2010-12-19,UK,6529.5
2010-12-20,EU,1843.11
2010-12-20,RoW,1207.26
2010-12-20,UK,22464.44
2010-12-21,EU,9808.13
2010-12-21,UK,33835.28
2010-12-22,EU,666.12
2010-12-22,UK,4190.45
2010-12-23,EU,1505.4
2010-12-23,UK,9759.44
2011-01-04,EU,347.56
2011-01-04,UK,14977.32
2011-01-05,EU,1265.18
2011-01-05,UK,30696.34
2011-01-06,EU,709.02
2011-01-06,RoW,7154.38
2011-01-06,UK,32105.05
2011-01-07,EU,5653.89
2011-01-07,UK,22007.78
2011-01-09,EU,1282.16
2011-01-09,UK,14118.52
2011-01-10,EU,3438.24
2011-01-10,RoW,461.44
2011-01-10,UK,19405.61
2011-01-11,EU,5855.2
2011-01-11,RoW,462.5
2011-01-11,UK,61539.26
2011-01-12,EU,2588.94
2011-01-12,UK,20829.61
2011-01-13,EU,2076.11
2011-01-13,UK,17522.21
2011-01-14,EU,29218.23
2011-01-14,RoW,177.00000000000003
2011-01-14,UK,16759.73
2011-01-16,UK,6973.89
2011-01-17,EU,2428.26
2011-01-17,RoW,431.3
2011-01-17,UK,24887.12
2011-01-18,EU,3074.77
2011-01-18,UK,91289.76000000001
2011-01-19,EU,8578.71
2011-01-19,RoW,3723.13
2011-01-19,UK,12788.56
2011-01-20,EU,4666.4
2011-01-20,RoW,87.75
2011-01-20,UK,15633.2
2011-01-21,EU,8926.88
2011-01-21,UK,22617.32
2011-01-23,EU,406.5
2011-01-23,UK,9791.6
2011-01-24,EU,5380.11
2011-01-24,RoW,2230.96
2011-01-24,UK,16685.8
2011-01-25,EU,2741.72
2011-01-25,RoW,2053.07
2011-01-25,UK,23311.86
2011-01-26,EU,2847.1
2011-01-26,RoW,475.39
2011-01-26,UK,15818.68
2011-01-27,EU,2907.89
2011-01-27,RoW,2369.46
2011-01-27,UK,18002.62
2011-01-28,EU,3892.59
2011-01-28,RoW,931.28
2011-01-28,UK,14810.59
2011-01-30,UK,6542.61
2011-01-31,EU,5683.66
2011-01-31,UK,16797.64
2011-02-01,EU,2772.3
2011-02-01,UK,25736.63
2011-02-02,EU,791.75
2011-02-02,RoW,294.4
2011-02-02,UK,19069.64
2011-02-03,EU,2976.25
2011-02-03,UK,19952.95
2011-02-04,EU,1645.53
2011-02-04,RoW,578.9
2011-02-04,UK,21611.79
2011-02-06,UK,3439.67
2011-02-07,EU,1993.96
2011-02-07,RoW,259.95
2011-02-07,UK,23267.71
2011-02-08,EU,1588.99
2011-02-08,UK,18310.77
2011-02-09,EU,1215.33
2011-02-09,RoW,5735.24
2011-02-09,UK,8570.76
2011-02-10,EU,619.51
2011-02-10,UK,13970.88
2011-02-11,EU,2572.46
2011-02-11,UK,19819.45
2011-02-13,UK,5645.48
2011-02-14,EU,4168.36
2011-02-14,RoW,889.24
2011-02-14,UK,21144.88
2011-02-15,EU,4567.1
2011-02-15,RoW,15807.63
2011-02-15,UK,19176.03
2011-02-16,EU,2876.78
2011-02-16,RoW,1075.6
2011-02-16,UK,20635.98
2011-02-17,EU,1948.9
2011-02-17,UK,22794.48
2011-02-18,EU,1377.7
2011-02-18,UK,14474.7
2011-02-20,UK,9434.4
2011-02-21,EU,22561.32
2011-02-21,UK,12705.47
2011-02-22,EU,3211.7
2011-02-22,UK,28919.12
2011-02-23,EU,2218.26
2011-02-23,UK,23556.95
2011-02-24,EU,165.16
2011-02-24,RoW,1486.24
2011-02-24,UK,20919.58
2011-02-25,EU,1331.3
2011-02-25,RoW,139.35
2011-02-25,UK,18657.91
2011-02-27,EU,92.6
2011-02-27,RoW,412.55
2011-02-27,UK,8859.56
2011-02-28,EU,2170.97
2011-02-28,RoW,361.92
2011-02-28,UK,17284.5
2011-03-01,EU,9259.05
2011-03-01,RoW,104.35
2011-03-01,UK,14966.14
2011-03-02,RoW,844.14
2011-03-02,UK,17825.8
2011-03-03,EU,1663.48
2011-03-03,RoW,16726.84
2011-03-03,UK,17337.99
2011-03-04,EU,2599.48
2011-03-04,RoW,17.549999999999997
2011-03-04,UK,16466.52
2011-03-06,UK,9959.62
2011-03-07,EU,781.56
2011-03-07,RoW,16.05
2011-03-07,UK,30269.03
2011-03-08,EU,2364.82
2011-03-08,UK,22183.71
2011-03-09,EU,414.8
2011-03-09,RoW,2146.54
2011-03-09,UK,19122.58
2011-03-10,EU,7172.8099999999995
2011-03-10,RoW,1104.13
2011-03-10,UK,17635.68
2011-03-11,EU,1574.27
2011-03-11,UK,20187.95
2011-03-13,EU,307.29
2011-03-13,UK,3761.85
2011-03-14,EU,6938.93
2011-03-14,RoW,140.54
2011-03-14,UK,18555.31
2011-03-15,EU,4218.92
2011-03-15,UK,15494.95
2011-03-16,EU,1504.45
2011-03-16,UK,19992.72
2011-03-17,EU,6529.65
2011-03-17,RoW,120.33
2011-03-17,UK,31769.86
2011-03-18,EU,2846.64
2011-03-18,UK,23815.22
2011-03-20,EU,1256.25
2011-03-20,UK,20156.59
2011-03-21,EU,518.62
2011-03-21,UK,16130.85
2011-03-22,EU,2916.66
2011-03-22,RoW,120.33
2011-03-22,UK,26697.79
2011-03-23,EU,3658.51
2011-03-23,UK,19370.42
2011-03-24,EU,2202.7
2011-03-24,RoW,286.25
2011-03-24,UK,33541.84
2011-03-25,EU,5267.28
2011-03-25,RoW,450.78000000000003
2011-03-25,UK,24523.66
2011-03-27,EU,128.05
2011-03-27,UK,9027.72
2011-03-28,EU,3958.38
2011-03-28,UK,17989.7
2011-03-29,EU,18720.65
2011-03-29,UK,50397.86
2011-03-30,EU,2348.14
2011-03-30,RoW,780.17
2011-03-30,UK,27792.04
2011-03-31,EU,6370.49
2011-03-31,UK,26488.56
2011-04-01,EU,2020.62
2011-04-01,RoW,110.0
2011-04-01,UK,22676.96
2011-04-03,UK,6897.18
2011-04-04,EU,3531.96
2011-04-04,UK,22684.24
2011-04-05,EU,3317.04
2011-04-05,RoW,5718.12
2011-04-05,UK,19656.08
2011-04-06,EU,955.99
2011-04-06,UK,16195.16
2011-04-07,EU,1933.46
2011-04-07,RoW,636.25
2011-04-07,UK,15471.460000000001
2011-04-08,EU,2591.21
2011-04-08,RoW,421.6
2011-04-08,UK,19870.06
2011-04-10,EU,431.49
2011-04-10,UK,9403.26
2011-04-11,EU,2010.52
2011-04-11,RoW,299.1
2011-04-11,UK,19722.86
2011-04-12,EU,314.57
2011-04-12,RoW,1539.64
2011-04-12,UK,23335.91
2011-04-13,EU,1206.29
2011-04-13,RoW,243.0
2011-04-13,UK,22946.09
2011-04-14,EU,3857.51
2011-04-14,RoW,549.25
2011-04-14,UK,31305.34
2011-04-15,EU,679.46
2011-04-15,RoW,1322.6
2011-04-15,UK,24136.63
2011-04-17,EU,990.96
2011-04-17,UK,11553.38
2011-04-18,EU,239.66
2011-04-18,RoW,2949.12
2011-04-18,UK,51840.23
2011-04-19,EU,2845.2599999999998
2011-04-19,RoW,383.95
2011-04-19,UK,19916.68
2011-04-20,EU,850.8000000000001
2011-04-20,RoW,179.0
2011-04-20,UK,27529.52
2011-04-21,EU,2680.55
2011-04-21,RoW,849.69
2011-04-21,UK,28092.02
2011-04-26,EU,900.72
2011-04-26,UK,28599.56
2011-04-27,EU,1661.7
2011-04-27,UK,23723.69
2011-04-28,EU,1864.88
2011-04-28,UK,19827.38
2011-05-01,EU,950.3299999999999
2011-05-01,UK,5863.78
2011-05-03,EU,2837.55
2011-05-03,UK,23701.47
2011-05-04,EU,1870.85
2011-05-04,RoW,534.24
2011-05-04,UK,24784.87
2011-05-05,EU,1151.97
2011-05-05,RoW,2388.31
2011-05-05,UK,25232.0
2011-05-06,EU,5002.79
2011-05-06,UK,30705.5
2011-05-08,EU,1846.96
2011-05-08,UK,16776.02
2011-05-09,EU,1114.01
2011-05-09,RoW,774.7
2011-05-09,UK,25066.25
2011-05-10,EU,2439.5
2011-05-10,RoW,852.68
2011-05-10,UK,40721.52
2011-05-11,EU,4553.93
2011-05-11,UK,28738.23
2011-05-12,EU,31420.77
2011-05-12,RoW,475.16
2011-05-12,UK,28318.59
2011-05-13,EU,1755.71
2011-05-13,RoW,3317.61
2011-05-13,UK,25328.33
2011-05-15,EU,687.1800000000001
2011-05-15,UK,9152.9
2011-05-16,EU,5287.98
2011-05-16,UK,33916.26
2011-05-17,EU,2905.4
2011-05-17,RoW,11924.800000000001
2011-05-17,UK,37886.5
2011-05-18,EU,2905.89
2011-05-18,UK,31017.57
2011-05-19,EU,3898.93
2011-05-19,RoW,1206.43
2011-05-19,UK,29406.61
2011-05-20,EU,1551.4399999999998
2011-05-20,RoW,766.3599999999999
2011-05-20,UK,23845.88
2011-05-22,EU,2344.52
2011-05-22,UK,21487.48
2011-05-23,EU,3685.7599999999998
2011-05-23,RoW,472.09
2011-05-23,UK,26430.65
2011-05-24,EU,614.5899999999999
2011-05-24,UK,36400.72
2011-05-25,EU,3776.39
2011-05-25,UK,20150.74
2011-05-26,EU,10923.35
2011-05-26,UK,22160.43
2011-05-27,EU,1660.25
2011-05-27,UK,25921.91
2011-05-29,EU,510.73
2011-05-29,UK,6756.21
2011-05-31,EU,2615.7599999999998
2011-05-31,RoW,746.4
2011-05-31,UK,18494.59
2011-06-01,EU,6082.41
2011-06-01,UK,13797.83
2011-06-02,EU,2056.51
2011-06-02,UK,29787.09
2011-06-03,EU,1825.62
2011-06-03,UK,14827.03
2011-06-05,EU,5561.31
2011-06-05,UK,19295.45
2011-06-06,EU,2451.94
2011-06-06,UK,14880.61
2011-06-07,EU,1169.17
2011-06-07,UK,36013.69
2011-06-08,EU,5771.96
2011-06-08,RoW,492.68
2011-06-08,UK,34465.8
2011-06-09,EU,5030.9
2011-06-09,RoW,382.52
2011-06-09,UK,39840.87
2011-06-10,EU,963.4
2011-06-10,RoW,6207.08
2011-06-10,UK,54455.75
2011-06-12,EU,853.38
2011-06-12,UK,11498.56
2011-06-13,EU,5292.58
2011-06-13,UK,16199.05
2011-06-14,UK,40015.69
2011-06-15,EU,6583.0
2011-06-15,RoW,23426.81
2011-06-15,UK,17996.12
2011-06-16,EU,3297.12
2011-06-16,UK,30567.88
2011-06-17,EU,2831.73
2011-06-17,RoW,2060.0299999999997
2011-06-17,UK,16032.710000000001
2011-06-19,EU,6524.79
2011-06-19,UK,15744.69
2011-06-20,EU,3548.37
2011-06-20,RoW,4673.9
2011-06-20,UK,24386.27
2011-06-21,EU,1346.18
2011-06-21,RoW,1870.2
2011-06-21,UK,20892.74
2011-06-22,EU,2144.48
2011-06-22,RoW,2226.0
2011-06-22,UK,16493.83
2011-06-23,EU,2052.73
2011-06-23,UK,22512.06
2011-06-24,EU,2222.89
2011-06-24,RoW,297.36
2011-06-24,UK,15892.36
2011-06-26,EU,111.44999999999999
2011-06-26,RoW,547.03
2011-06-26,UK,6225.88
2011-06-27,EU,999.5600000000001
2011-06-27,UK,15180.73
2011-06-28,EU,14144.74
2011-06-28,UK,20054.4
2011-06-29,EU,3738.9900000000002
2011-06-29,UK,17480.22
2011-06-30,EU,1978.38
2011-06-30,RoW,1760.96
2011-06-30,UK,40618.52
2011-07-01,EU,2163.44
2011-07-01,RoW,360.8
2011-07-01,UK,10466.69
2011-07-03,UK,5972.7300000000005
2011-07-04,EU,6735.92
2011-07-04,UK,35948.73
2011-07-05,EU,1290.39
2011-07-05,UK,37479.36
2011-07-06,EU,4623.28
2011-07-06,UK,21039.13
2011-07-07,EU,1779.99
2011-07-07,UK,29825.52
2011-07-08,EU,1996.94
2011-07-08,RoW,1253.81
2011-07-08,UK,22198.23
2011-07-10,UK,5953.24
2011-07-11,EU,1133.07
2011-07-11,RoW,1217.64
2011-07-11,UK,19693.02
2011-07-12,EU,2061.67
2011-07-12,UK,23116.19
2011-07-13,EU,2608.17
2011-07-13,RoW,2796.36
2011-07-13,UK,16435.66
2011-07-14,EU,4615.74
2011-07-14,RoW,2584.89
2011-07-14,UK,25625.38
2011-07-15,EU,1579.21
2011-07-15,UK,12061.460000000001
2011-07-17,EU,441.33000000000004
2011-07-17,RoW,228.10999999999999
2011-07-17,UK,16430.82
2011-07-18,EU,2925.61
2011-07-18,RoW,3949.32
2011-07-18,UK,21292.21
2011-07-19,EU,16530.04
2011-07-19,RoW,641.6700000000001
2011-07-19,UK,32515.26
2011-07-20,EU,1922.16
2011-07-20,UK,29717.82
2011-07-21,EU,3526.72
2011-07-21,UK,28201.52
2011-07-22,EU,696.02
2011-07-22,RoW,770.0699999999999
2011-07-22,UK,18105.18
2011-07-24,EU,935.03
2011-07-24,RoW,679.46
2011-07-24,UK,25373.07
2011-07-25,EU,2643.81
2011-07-25,RoW,656.0
2011-07-25,UK,22072.87
2011-07-26,EU,493.87
2011-07-26,RoW,712.54
2011-07-26,UK,20048.16
2011-07-27,EU,2411.77
2011-07-27,RoW,3680.4
2011-07-27,UK,19040.65
2011-07-28,EU,7150.62
2011-07-28,RoW,540.13
2011-07-28,UK,48020.07
2011-07-29,EU,1301.8400000000001
2011-07-29,UK,17175.04
2011-07-31,EU,18387.36
2011-07-31,RoW,1045.23
2011-07-31,UK,13374.23
2011-08-01,EU,981.18
2011-08-01,RoW,759.56
2011-08-01,UK,19116.96
2011-08-02,EU,1855.02
2011-08-02,RoW,4593.53
2011-08-02,UK,19662.95
2011-08-03,EU,1564.14
2011-08-03,UK,26236.0
2011-08-04,EU,7878.66
2011-08-04,UK,56831.23
2011-08-05,EU,4109.78
2011-08-05,UK,16778.14
2011-08-07,EU,107.4
2011-08-07,UK,7436.46
2011-08-08,EU,2321.09
2011-08-08,UK,20477.44
2011-08-09,EU,12583.69
2011-08-09,UK,14755.22
2011-08-10,EU,2418.5
2011-08-10,RoW,689.76
2011-08-10,UK,24948.0
2011-08-11,EU,21682.45
2011-08-11,UK,43292.17
2011-08-12,EU,3562.73
2011-08-12,RoW,1637.5
2011-08-12,UK,15254.03
2011-08-14,EU,46.65
2011-08-14,UK,5655.22
2011-08-15,EU,3975.51
2011-08-15,UK,13102.44
2011-08-16,EU,425.44
2011-08-16,UK,18715.64
2011-08-17,EU,3507.94
2011-08-17,UK,48358.62
2011-08-18,EU,824.64
2011-08-18,RoW,26754.25
2011-08-18,UK,26349.81
2011-08-19,EU,3383.98
2011-08-19,RoW,668.58
2011-08-19,UK,12848.51
2011-08-21,EU,1185.75
2011-08-21,RoW,1432.0
2011-08-21,UK,11612.52
2011-08-22,EU,2280.87
2011-08-22,RoW,531.03
2011-08-22,UK,26631.64
2011-08-23,EU,2446.35
2011-08-23,RoW,5349.27
2011-08-23,UK,17777.97
2011-08-24,EU,2375.68
2011-08-24,UK,44814.94
2011-08-25,EU,3751.01
2011-08-25,RoW,51.559999999999995
2011-08-25,UK,18904.61
2011-08-26,EU,10552.83
2011-08-26,UK,14767.36
2011-08-28,EU,1241.99
2011-08-28,UK,9444.57
2011-08-30,EU,453.75
2011-08-30,UK,28765.62
2011-08-31,EU,7536.38
2011-08-31,UK,16249.64
2011-09-01,EU,3880.56
2011-09-01,RoW,4346.27
2011-09-01,UK,28514.0
2011-09-02,EU,3394.75
2011-09-02,RoW,284.3
2011-09-02,UK,36328.03
2011-09-04,EU,3737.82
2011-09-04,UK,13140.92
2011-09-05,EU,10530.460000000001
2011-09-05,RoW,147.7
2011-09-05,UK,25598.19
2011-09-06,EU,5128.63
2011-09-06,UK,22869.43
2011-09-07,EU,6079.05
2011-09-07,UK,25702.35
2011-09-08,EU,6994.6
2011-09-08,UK,19614.57
2011-09-09,EU,3151.06
2011-09-09,RoW,3031.84
2011-09-09,UK,23409.53
2011-09-11,EU,1514.27
2011-09-11,UK,33390.65
2011-09-12,UK,29297.96
2011-09-13,EU,12932.92
2011-09-13,UK,41138.57
2011-09-14,EU,1400.08
2011-09-14,RoW,855.36
2011-09-14,UK,21092.15
2011-09-15,EU,3261.69
2011-09-15,RoW,482.54
2011-09-15,UK,70782.26
2011-09-16,EU,1113.0
2011-09-16,RoW,519.89
2011-09-16,UK,25349.38
2011-09-18,UK,15637.9
2011-09-19,EU,21478.7
2011-09-19,RoW,5428.88
2011-09-19,UK,19123.34
2011-09-20,EU,2594.33
2011-09-20,RoW,286.25
2011-09-20,UK,105483.76
2011-09-21,EU,7464.59
2011-09-21,RoW,4.95
2011-09-21,UK,38426.08
2011-09-22,EU,5716.53
2011-09-22,RoW,4860.64
2011-09-22,UK,47865.0
2011-09-23,EU,7464.62
2011-09-23,UK,31548.98
2011-09-25,EU,1599.25
2011-09-25,RoW,825.9200000000001
2011-09-25,UK,28541.61
2011-09-26,EU,2080.32
2011-09-26,RoW,261.65
2011-09-26,UK,26109.79
2011-09-27,EU,1591.2
2011-09-27,UK,33515.9
2011-09-28,EU,3942.5
2011-09-28,RoW,2388.26
2011-09-28,UK,36114.19
2011-09-29,EU,2695.18
2011-09-29,RoW,425.48
2011-09-29,UK,42717.08
2011-09-30,EU,8373.06
2011-09-30,UK,34764.66
2011-10-02,UK,11531.56
2011-10-03,EU,308.0
2011-10-03,UK,61478.28
2011-10-04,EU,1122.33
2011-10-04,RoW,132.18
2011-10-04,UK,46293.17
2011-10-05,EU,5750.97
2011-10-05,RoW,20772.329999999998
2011-10-05,UK,48163.1
2011-10-06,EU,6466.2
2011-10-06,RoW,678.76
2011-10-06,UK,54654.35
2011-10-07,EU,6275.35
2011-10-07,UK,46580.02
2011-10-09,UK,12273.1
2011-10-10,EU,4123.12
2011-10-10,RoW,1579.51
2011-10-10,UK,40480.07
2011-10-11,EU,7928.42
2011-10-11,RoW,1527.96
2011-10-11,UK,42348.08
2011-10-12,EU,5269.6900000000005
2011-10-12,RoW,1155.38
2011-10-12,UK,24337.81
2011-10-13,EU,8581.29
2011-10-13,RoW,1002.3100000000001
2011-10-13,UK,26104.49
2011-10-14,EU,7177.93
2011-10-14,RoW,1861.58
2011-10-14,UK,26022.91
2011-10-16,UK,21767.55
2011-10-17,EU,14751.35
2011-10-17,UK,34545.4
2011-10-18,EU,6193.93
2011-10-18,RoW,423.42
2011-10-18,UK,37743.43
2011-10-19,EU,7891.67
2011-10-19,UK,27040.9
2011-10-20,EU,31672.67
2011-10-20,UK,29010.86
2011-10-21,EU,6886.16
2011-10-21,RoW,731.6899999999999
2011-10-21,UK,55360.54
2011-10-23,UK,12106.19
2011-10-24,EU,1663.72
2011-10-24,UK,43235.05
2011-10-25,EU,1695.46
2011-10-25,RoW,1435.66
2011-10-25,UK,36756.33
2011-10-26,EU,1176.1399999999999
2011-10-26,RoW,2703.6800000000003
2011-10-26,UK,32099.02
2011-10-27,EU,11986.44
2011-10-27,RoW,1715.06
2011-10-27,UK,34439.27
2011-10-28,EU,9993.45
2011-10-28,RoW,1749.3
2011-10-28,UK,28103.2
2011-10-30,EU,3531.11
2011-10-30,UK,30400.3
2011-10-31,EU,2638.33
2011-10-31,RoW,1294.32
2011-10-31,UK,48609.07
2011-11-01,EU,3739.86
2011-11-01,UK,25070.04
2011-11-02,EU,6287.45
2011-11-02,RoW,624.24
2011-11-02,UK,37956.72
2011-11-03,EU,2792.95
2011-11-03,RoW,606.97
2011-11-03,UK,59191.04
2011-11-04,EU,4125.02
2011-11-04,RoW,601.44
2011-11-04,UK,57073.16
2011-11-06,EU,1587.74
2011-11-06,RoW,7849.87
2011-11-06,UK,32716.24
2011-11-07,EU,2657.61
2011-11-07,UK,81492.4
2011-11-08,EU,2244.03
2011-11-08,UK,52373.9
2011-11-09,EU,2164.26
2011-11-09,UK,62700.87
2011-11-10,EU,13727.11
2011-11-10,UK,54866.41
2011-11-11,EU,7721.49
2011-11-11,RoW,212.58
2011-11-11,UK,44879.37
2011-11-13,EU,5164.37
2011-11-13,UK,27502.32
2011-11-14,EU,4973.85
2011-11-14,UK,106374.76000000001
2011-11-15,EU,3690.9
2011-11-15,RoW,5355.4
2011-11-15,UK,49131.86
2011-11-16,EU,9869.19
2011-11-16,RoW,333.2
2011-11-16,UK,52055.9
2011-11-17,EU,12997.130000000001
2011-11-17,RoW,4970.11
2011-11-17,UK,40754.42
2011-11-18,EU,5304.82
2011-11-18,RoW,1622.28
2011-11-18,UK,42686.08
2011-11-20,EU,3279.55
2011-11-20,UK,29778.91
2011-11-21,EU,4028.53
2011-11-21,UK,44510.23
2011-11-22,EU,5622.96
2011-11-22,UK,56325.84
2011-11-23,EU,14819.77
2011-11-23,RoW,348.57
2011-11-23,UK,60816.11
2011-11-24,EU,7085.63
2011-11-24,RoW,918.95
2011-11-24,UK,40733.02
2011-11-25,EU,1431.32
2011-11-25,RoW,1696.78
2011-11-25,UK,43781.42
2011-11-27,EU,829.91
2011-11-27,UK,19443.18
2011-11-28,EU,4156.05
2011-11-28,UK,50273.38
2011-11-29,EU,2989.82
2011-11-29,RoW,3874.1
2011-11-29,UK,61234.49
2011-11-30,EU,6104.24
2011-11-30,RoW,2843.29
2011-11-30,UK,47140.57
2011-12-01,EU,3146.18
2011-12-01,UK,47458.97
2011-12-02,EU,3339.2599999999998
2011-12-02,RoW,269.96
2011-12-02,UK,52307.95
2011-12-04,EU,2751.3
2011-12-04,UK,21492.170000000002
2011-12-05,EU,2106.2799999999997
2011-12-05,RoW,920.69
2011-12-05,UK,76984.26
2011-12-06,EU,3520.6400000000003
2011-12-06,UK,51736.67
2011-12-07,EU,19235.92
2011-12-07,RoW,224.82
2011-12-07,UK,53338.35
2011-12-08,EU,3068.04
2011-12-08,UK,74503.15
2011-12-09,EU,1988.81
2011-12-09,RoW,2638.69
2011-12-09,UK,193467.14
